Filename,Report_quality,ภาพรวม,สภาวะตลาด,สรุปการผลการดำเนินงาน,เหตุการณ์สำคัญ,ปัจจัยต่อการเติบโต,เปิดเผยรายได้,เปิดเผยกำไรที่เปลี่ยนไป,คำอธิบายรายได้,คำอธิบายกำไรที่เปลี่ยนไป,วิเคราะห์งบหรือฐานะทางการเงิน,รายงาน ESG
24CS_86500201,C,N,N,N,N,N,N,N,N,Y,N,N
2S_86215801,C,N,N,Y,N,N,N,Y,N,N,N,N
3BBIF_85806601,B,N,N,Y,N,N,Y,N,Y,Y,N,N
3K-BAT_85852201,B,Y,N,Y,N,N,N,N,Y,N,N,N
A5_86520501,C,N,N,Y,Y,Y,Y,N,Y,Y,Y,N
AAI_86094601,A,Y,Y,Y,Y,Y,Y,N,Y,N,Y,Y
AAV_86270501,A,Y,Y,Y,Y,Y,N,N,N,Y,Y,Y
ABM_86368601,A,N,N,Y,N,Y,Y,N,N,N,Y,Y
ACC_86663601,C,N,N,N,N,N,N,Y,N,N,N,N
ACE_86706701,B,Y,N,Y,N,N,N,Y,N,N,Y,N
ACG_86119901,B,N,Y,Y,N,N,N,N,Y,N,Y,N
ADB_86150001,B,Y,Y,Y,Y,Y,N,N,Y,Y,Y,Y
ADD_86212601,B,Y,N,Y,N,N,N,N,Y,Y,Y,N
ADVANC_85814801,A,Y,Y,Y,Y,Y,Y,N,Y,Y,Y,Y
ADVANC_86685701,A,Y,Y,Y,Y,Y,N,N,Y,Y,Y,Y
ADVICE_85728701,C,N,N,N,Y,Y,N,N,Y,Y,Y,Y
ADVICE_85729401,C,N,N,Y,Y,Y,N,N,Y,Y,Y,Y
ADVICE_86439501,C,N,N,Y,Y,Y,N,N,Y,Y,Y,Y
AEONTS_85538501,A,Y,Y,Y,Y,N,N,N,Y,Y,Y,Y
AE_86469401,A,Y,Y,Y,Y,Y,N,N,Y,Y,Y,Y
AFC_85874901,C,N,N,Y,N,Y,N,N,Y,Y,Y,N
AF_86136601,B,Y,N,Y,N,N,N,N,Y,Y,Y,N
AGE_86062001,B,Y,Y,Y,N,Y,N,N,Y,Y,Y,N
AGE_86072501,B,Y,Y,Y,N,Y,N,N,Y,Y,Y,N
AHC_86247501,C,N,N,N,N,N,Y,Y,N,N,N,N
AH_86765601,B,Y,Y,Y,N,N,N,N,Y,Y,Y,N
AIE_86078001,C,Y,Y,Y,N,Y,N,N,Y,Y,Y,N
AIMCG_86617601,C,N,N,N,N,N,Y,Y,N,N,N,N
AIMIRT_86618001,C,N,N,N,N,N,Y,Y,N,N,N,N
AIRA_86696801,C,N,N,N,N,N,Y,Y,N,N,N,N
AIT_85968401,A,Y,Y,Y,Y,Y,N,N,Y,Y,Y,Y
AI_86079501,B,N,N,N,N,N,N,Y,N,N,N,N
AJA_86370001,C,N,N,Y,N,Y,N,N,Y,Y,Y,N
AJ_86511801,C,N,N,N,N,N,Y,N,N,N,N,N
AKP_86164601,C,N,N,N,Y,N,Y,Y,N,N,N,N
AKR_86607101,B,Y,N,Y,N,N,N,N,Y,Y,N,N
ALLA_86252401,B,Y,N,Y,Y,Y,N,N,Y,Y,Y,N
ALLY_85888301,A,Y,Y,Y,Y,N,N,N,Y,Y,Y,Y
ALL_85500201,C,N,N,N,N,N,Y,N,N,N,N,N
ALL_85507301,C,N,N,N,N,N,Y,N,N,N,N,N
ALPHAX_86607201,C,N,Y,Y,N,N,N,Y,N,N,Y,N
ALT_86219401,A,Y,N,Y,Y,Y,N,N,Y,Y,Y,N
ALUCON_86350401,B,Y,N,Y,N,N,N,Y,Y,Y,Y,N
AMANAH_86031801,C,Y,N,Y,N,Y,N,N,Y,Y,Y,N
AMANAH_86082301,C,Y,N,Y,N,Y,N,N,Y,Y,Y,N
AMARC_85983801,A,N,N,Y,N,Y,N,N,Y,Y,Y,N
AMARIN_86272101,C,N,N,Y,N,N,Y,Y,N,N,N,N
AMATAV_86381601,B,Y,Y,Y,Y,N,N,N,Y,N,Y,N
AMATA_86653901,C,N,Y,Y,N,N,Y,Y,Y,N,Y,Y
AMA_86175101,B,Y,Y,Y,N,Y,N,N,Y,Y,Y,N
AMC_86267901,B,N,N,N,N,N,N,N,Y,Y,N,N
AMR_86639201,C,Y,N,N,N,N,Y,Y,N,N,N,N
ANAN_86758901,B,Y,N,Y,N,Y,N,N,Y,Y,Y,N
ANI_85226701,A,Y,Y,Y,N,N,Y,N,N,N,Y,Y
ANI_85227101,A,Y,Y,Y,N,Y,N,N,N,Y,Y,Y
ANI_86063601,C,Y,N,Y,N,N,N,N,N,N,N,N
AOT_85878401,A,Y,N,Y,N,N,N,N,Y,Y,Y,Y
APCO_86624701,C,N,N,N,N,N,N,N,Y,Y,Y,N
APCS_86480101,B,Y,N,Y,N,N,N,N,Y,N,N,N
APP_86061501,C,Y,N,Y,N,N,Y,N,N,Y,Y,N
APURE_86358701,C,Y,N,N,N,N,N,Y,N,Y,N,N
ARIN_86384001,B,Y,N,Y,N,N,N,N,N,Y,N,N
ARIP_86299101,C,Y,N,N,N,N,Y,Y,Y,N,N,N
ARROW_86203301,C,N,N,N,N,N,Y,Y,N,N,N,N
ASAP_86638701,C,N,N,N,N,N,Y,Y,N,N,N,N
ASEFA_85982901,A,Y,N,Y,Y,Y,N,N,Y,Y,Y,Y
ASIAN_86154301,A,Y,Y,Y,Y,Y,N,N,Y,Y,Y,N
ASIAN_86376001,A,Y,Y,Y,Y,Y,N,N,Y,Y,Y,N
ASIA_85916501,A,Y,Y,Y,Y,Y,N,N,Y,Y,Y,Y
ASIMAR_86546801,C,Y,N,Y,N,N,N,Y,N,N,N,N
ASK_86005301,C,N,N,N,N,N,Y,Y,N,N,N,N
ASN_86165501,B,Y,N,Y,Y,Y,Y,N,Y,N,Y,Y
ASW_86267501,A,Y,Y,Y,N,Y,N,N,N,Y,N,Y
AS_86725701,A,Y,N,Y,N,Y,N,N,Y,Y,Y,N
ATP30_86355601,B,N,N,Y,N,N,N,N,Y,Y,Y,N
AUCT_86007301,C,N,N,Y,N,Y,N,N,Y,Y,Y,Y
AURA_86624901,A,Y,N,Y,Y,Y,Y,N,Y,Y,Y,Y
AU_86332601,A,Y,N,Y,N,Y,N,N,Y,Y,Y,Y
AWC_86611801,A,Y,Y,Y,Y,Y,N,N,Y,Y,Y,Y
AWC_86750701,A,Y,Y,Y,Y,Y,N,N,Y,Y,Y,Y
AYUD_86725201,C,Y,N,N,N,N,Y,Y,N,N,N,N
A_86288901,B,N,N,Y,N,N,Y,Y,N,N,N,N
B-WORK_86345901,B,N,N,Y,Y,Y,Y,N,Y,Y,Y,N
B52_86484401,B,Y,N,Y,N,N,N,N,Y,Y,Y,N
BAFS_86229901,A,Y,Y,Y,Y,Y,N,N,Y,Y,Y,Y
BAM_86377301,B,Y,N,Y,Y,Y,N,N,Y,Y,Y,Y
BANPU_86176401,A,Y,Y,Y,Y,Y,N,N,Y,Y,Y,Y
BANPU_86603201,A,Y,Y,Y,Y,Y,N,N,Y,Y,Y,Y
BAREIT_85963501,C,Y,N,Y,N,N,N,N,N,Y,N,Y
BAY_85614501,A,Y,Y,Y,Y,Y,N,N,Y,Y,Y,Y
BAY_86673201,A,Y,Y,Y,Y,Y,N,N,Y,Y,Y,Y
BA_86189401,A,N,Y,Y,Y,Y,Y,N,N,N,Y,Y
BBGI_86054901,C,N,Y,N,N,N,Y,Y,N,N,Y,Y
BBIK_86115001,B,Y,N,Y,Y,Y,N,N,Y,Y,Y,Y
BCPG_86098701,A,Y,Y,Y,Y,Y,N,N,Y,Y,Y,Y
BCP_86256101,A,Y,Y,Y,Y,Y,N,N,Y,Y,Y,Y
BCT_85910501,C,N,N,N,N,N,Y,N,N,N,N,N
BC_86376601,C,N,N,Y,Y,N,N,Y,Y,N,Y,Y
BDMS_86167601,A,Y,N,Y,Y,Y,N,N,Y,Y,Y,Y
BE8_86398001,A,Y,N,Y,Y,Y,N,N,Y,Y,Y,Y
BE8_86414201,A,Y,N,Y,Y,Y,N,N,Y,Y,Y,Y
BEAUTY_86529601,B,Y,N,Y,N,N,N,N,Y,Y,Y,N
BEC_86355701,A,N,Y,N,Y,Y,N,N,Y,Y,Y,Y
BEM_86581901,A,N,Y,Y,Y,Y,N,N,Y,Y,Y,Y
BEYOND_86564301,C,N,Y,Y,Y,Y,Y,Y,N,N,Y,Y
BGC_86744701,A,Y,Y,Y,Y,Y,Y,N,Y,N,Y,N
BGRIM_86636501,A,Y,N,Y,Y,Y,N,N,Y,Y,Y,Y
BGT_86314701,C,N,N,N,N,N,Y,N,N,N,N,N
BH_86133601,B,N,N,Y,Y,Y,N,N,Y,Y,Y,Y
BIOTEC_86629201,A,Y,Y,Y,Y,Y,N,N,Y,N,Y,Y
BIZ_86045501,B,Y,N,Y,N,N,N,N,Y,N,N,N
BJCHI_86186801,C,N,N,N,N,N,N,Y,N,N,N,N
BJC_86242001,B,Y,Y,Y,N,Y,N,N,Y,Y,Y,N
BKD_86249501,A,N,N,Y,Y,Y,N,N,N,Y,Y,Y
BKI_86330601,C,N,N,N,N,N,Y,Y,N,N,N,N
BLAND_85937601,B,Y,Y,Y,N,N,N,N,Y,Y,Y,Y
BLA_86173401,A,Y,Y,Y,Y,Y,N,N,Y,Y,Y,Y
BLC_86634901,A,Y,Y,Y,Y,Y,N,N,Y,Y,Y,Y
BLESS_86738901,A,Y,N,N,N,N,N,Y,Y,Y,N,N
BLISS_86235201,C,N,N,N,Y,N,Y,Y,N,N,N,N
BM_86341401,C,N,N,N,N,N,Y,Y,N,N,N,N
BOFFICE_86247901,C,N,N,N,N,N,Y,N,Y,Y,Y,N
BOL_85899901,C,N,N,Y,N,N,N,N,N,N,N,N
BPP_86176801,B,Y,Y,Y,Y,Y,N,N,Y,Y,Y,Y
BRI_86711301,B,Y,N,Y,Y,N,Y,N,Y,N,Y,N
BROCK_86283201,C,N,N,N,N,N,Y,Y,N,N,N,N
BROOK_86736101,B,N,N,Y,N,N,N,N,N,Y,N,N
BRRGIF_86127101,B,Y,Y,Y,N,Y,Y,N,Y,Y,Y,N
BRR_86628401,B,N,N,N,N,N,Y,N,N,N,N,N
BR_86450701,A,Y,Y,Y,N,Y,N,Y,N,Y,Y,N
BSBM_86029201,C,N,N,Y,Y,N,Y,N,N,N,N,N
BSM_86275101,C,N,Y,Y,Y,Y,Y,N,N,N,Y,Y
BSRC_86151601,A,Y,Y,Y,Y,Y,N,N,Y,Y,Y,Y
BTG_86515801,C,Y,N,Y,N,N,N,Y,N,N,N,N
BTNC_86389901,C,N,N,N,N,N,Y,Y,N,N,N,N
BTSGIF_85906601,A,Y,Y,Y,N,Y,N,N,Y,Y,Y,N
BTS_85238101,A,Y,Y,Y,Y,Y,N,N,Y,Y,Y,N
BTS_85951901,A,Y,Y,Y,Y,Y,N,N,Y,Y,Y,Y
BTW_86112701,B,Y,Y,Y,Y,Y,N,N,Y,Y,Y,Y
BUI_86120201,C,Y,N,N,N,N,N,N,Y,N,N,N
BVG_86396401,B,Y,Y,Y,N,Y,N,N,Y,Y,N,N
BWG_86428601,B,Y,N,N,N,N,N,Y,Y,Y,N,N
BYD_86625701,B,Y,N,Y,N,N,Y,N,Y,Y,Y,N
CAZ_86417201,B,Y,N,N,Y,N,N,N,N,Y,Y,N
CBG_86011701,C,N,Y,Y,Y,N,N,N,N,N,Y,N
CBG_86100401,C,N,Y,Y,Y,N,N,N,N,N,Y,N
CCET_86456201,C,N,N,N,N,N,N,Y,N,Y,N,N
CCP_86630501,C,N,Y,N,N,N,Y,N,N,N,N,N
CENTEL_86394701,A,Y,Y,Y,Y,Y,N,N,Y,Y,Y,Y
CEN_86708201,C,N,Y,N,N,Y,Y,Y,N,N,Y,N
CEYE_86750201,C,Y,N,Y,N,Y,Y,N,Y,Y,Y,Y
CFRESH_86606101,C,N,N,N,N,N,Y,Y,N,N,N,N
CGD_86649401,B,Y,Y,Y,N,N,Y,N,N,N,Y,Y
CGH_86657001,B,Y,N,Y,N,N,Y,Y,N,N,N,N
CHARAN_86184801,C,N,N,Y,N,N,Y,N,N,N,N,N
CHASE_86585401,C,N,Y,Y,N,N,N,Y,N,N,Y,Y
CHAYO_86331601,B,Y,Y,Y,Y,N,Y,N,Y,Y,Y,N
CHEWA_85889901,B,Y,N,N,Y,N,N,N,N,Y,Y,N
CHG_86299201,C,N,N,Y,Y,N,Y,N,N,N,Y,N
CHIC_86701401,C,Y,Y,Y,N,N,N,Y,N,N,N,N
CHOTI_86294801,C,N,N,N,N,N,N,N,N,N,N,N
CHOW_86660501,B,Y,N,Y,Y,N,N,N,Y,Y,Y,N
CHO_86548201,C,Y,N,N,N,N,Y,Y,Y,N,N,N
CH_86511101,B,Y,Y,Y,Y,N,N,N,Y,Y,Y,N
CIG_86659101,B,Y,Y,Y,N,N,N,N,Y,Y,Y,N
CIMBT_85604701,B,Y,N,N,N,N,Y,Y,N,N,N,N
CIMBT_86318801,B,Y,N,N,N,N,Y,Y,N,N,N,N
CITY_85233301,C,N,N,N,N,N,Y,Y,N,N,N,N
CIVIL_86489801,A,Y,N,Y,Y,Y,N,N,Y,Y,Y,Y
CI_86732301,B,Y,N,Y,N,N,N,N,Y,Y,N,N
CKP_86095701,A,Y,Y,Y,Y,Y,N,N,Y,N,Y,Y
CK_86696701,C,N,Y,Y,N,N,Y,Y,N,N,Y,N
CMAN_86534601,B,Y,Y,Y,Y,Y,N,N,Y,Y,Y,Y
CMC_86380101,C,N,N,N,Y,N,Y,N,N,N,N,N
CMO_86428701,B,Y,N,Y,N,N,N,N,Y,N,N,N
CMR_86698501,C,N,N,N,N,N,Y,Y,N,N,N,N
CM_86639701,A,Y,Y,Y,Y,Y,N,N,Y,Y,Y,Y
CNT_86629801,B,Y,N,Y,Y,Y,N,N,Y,Y,Y,Y
COCOCO_86157501,A,Y,Y,Y,N,Y,N,Y,Y,Y,Y,N
COLOR_86562601,A,Y,N,Y,Y,Y,N,N,N,N,Y,Y
COM7_86278001,A,Y,N,Y,Y,Y,Y,N,Y,Y,Y,N
COMAN_86643301,C,N,N,Y,N,N,N,Y,N,N,Y,Y
CPALL_86340401,A,Y,Y,Y,Y,Y,N,N,Y,Y,Y,Y
CPANEL_85967601,C,N,N,Y,N,N,Y,Y,N,N,N,N
CPAXT_85949601,A,Y,Y,Y,Y,Y,N,N,Y,Y,Y,Y
CPF_86458701,C,N,N,N,N,N,Y,Y,N,N,N,N
CPH_86386701,C,N,N,N,N,N,Y,Y,N,N,N,N
CPI_86195101,C,N,N,N,N,N,N,Y,N,N,N,N
CPL_86542601,B,N,N,Y,Y,N,Y,N,Y,Y,Y,N
CPNCG_86607301,C,N,N,N,N,N,Y,N,Y,Y,N,N
CPNREIT_86060901,A,N,N,Y,N,N,N,N,N,Y,Y,N
CPN_86717201,B,Y,Y,Y,Y,N,N,N,N,Y,Y,Y
CPR_86426101,C,N,N,N,N,N,Y,N,N,N,N,N
CPTGF_86136201,A,N,N,Y,N,N,N,N,N,Y,Y,N
CPTGF_86186201,A,N,N,N,Y,N,N,N,Y,N,Y,N
CPT_86224201,C,Y,N,N,N,N,Y,N,N,N,N,N
CPW_86059501,B,Y,N,Y,N,N,N,N,Y,Y,Y,N
CRANE_86717401,C,N,N,Y,N,N,Y,N,N,Y,N,N
CRC_86641701,A,Y,N,Y,N,Y,Y,Y,N,Y,Y,N
CRD_86277701,B,N,N,N,N,N,Y,Y,N,N,N,N
CREDIT_85834301,A,Y,Y,Y,Y,Y,N,N,Y,Y,Y,N
CREDIT_85835001,A,Y,Y,Y,Y,Y,N,N,Y,Y,Y,N
CREDIT_85835601,B,Y,Y,Y,Y,Y,Y,N,Y,Y,Y,Y
CREDIT_85949201,A,Y,Y,Y,Y,Y,N,N,Y,Y,Y,Y
CSC_86711101,B,Y,N,N,N,N,N,Y,Y,Y,N,N
CSP_86683601,C,Y,N,N,N,N,Y,N,Y,N,N,N
CSR_86557101,C,N,N,N,N,N,N,Y,N,N,N,N
CTARAF_86130301,C,N,N,N,N,N,Y,Y,N,N,N,N
CTW_86197401,C,Y,N,N,N,N,N,Y,N,N,N,N
CV_86446301,A,Y,Y,Y,Y,Y,N,N,Y,Y,N,Y
CWT_86761801,B,N,N,Y,N,N,Y,N,Y,N,N,N
DCC_85899001,C,N,N,Y,N,N,N,Y,Y,N,N,N
DCON_86058601,C,N,N,N,N,N,N,N,Y,Y,N,N
DDD_86348801,B,Y,N,Y,N,N,Y,N,N,Y,N,N
DELTA_85976401,B,Y,N,Y,N,N,N,N,Y,N,Y,Y
DEMCO_86460401,B,N,N,Y,N,N,Y,N,Y,N,N,N
DEXON_86668901,A,Y,Y,Y,Y,N,N,N,Y,Y,Y,Y
DHOUSE_86585101,B,N,N,Y,N,N,Y,N,Y,N,N,N
DIMET_85411801,C,N,N,Y,N,Y,Y,N,N,N,Y,Y
DIMET_86648401,B,Y,Y,Y,N,N,N,N,Y,Y,N,N
DITTO_86392201,C,N,N,Y,N,Y,N,Y,N,N,Y,Y
DMT_86128101,B,Y,N,Y,Y,Y,N,N,Y,Y,Y,Y
DOD_86295801,B,Y,N,Y,N,N,N,N,Y,N,Y,N
DOHOME_86105601,B,N,N,Y,N,N,N,N,Y,Y,N,N
DPAINT_86713901,B,Y,Y,Y,Y,N,N,N,Y,Y,Y,N
DREIT_86600501,B,Y,N,Y,N,N,N,N,N,N,N,N
DRT_85926001,B,Y,N,Y,Y,Y,N,N,Y,Y,Y,N
DTCENT_86386201,B,Y,N,Y,Y,Y,N,N,Y,Y,Y,Y
DTCI_86552701,B,N,Y,Y,N,Y,N,N,Y,Y,Y,N
DUSIT_86627501,B,Y,Y,Y,Y,Y,N,N,Y,Y,Y,Y
DV8_86505301,B,Y,N,Y,N,N,N,N,Y,Y,N,N
D_86710301,B,Y,N,Y,Y,Y,N,N,Y,Y,Y,N
EASON_86621701,A,N,N,Y,Y,Y,N,N,N,Y,Y,N
EASTW_86727201,C,Y,Y,Y,Y,Y,N,N,Y,Y,Y,Y
EA_86380501,A,Y,Y,Y,Y,Y,N,N,Y,Y,Y,Y
ECF_86565101,B,Y,Y,Y,Y,N,N,N,N,Y,Y,N
ECL_86237601,C,N,N,N,N,N,Y,N,N,N,N,N
EE_86265801,C,Y,N,N,N,N,Y,N,N,N,N,N
EFORL_86527401,C,Y,N,N,N,N,Y,N,Y,N,N,N
EGATIF_86172601,C,Y,Y,Y,Y,Y,N,N,N,Y,Y,Y
EGCO_86645701,A,Y,Y,Y,Y,Y,N,N,Y,Y,Y,Y
EGCO_86669901,A,Y,Y,Y,Y,Y,N,N,Y,Y,Y,Y
EKH_86760001,B,Y,N,N,N,N,N,N,Y,N,Y,N
EMC_86484001,C,Y,N,N,N,N,Y,Y,N,N,N,N
EPG_85882801,B,Y,N,N,Y,N,N,Y,Y,Y,N,N
EP_86667201,C,Y,N,Y,N,N,N,N,N,Y,N,N
ERWPF_86057901,A,N,N,Y,N,N,Y,N,Y,Y,Y,N
ERW_86359201,C,N,Y,Y,Y,Y,Y,Y,N,N,Y,Y
ERW_86415601,C,N,Y,Y,Y,Y,Y,Y,N,N,Y,Y
ESTAR_86722701,C,N,N,N,N,N,Y,N,N,N,N,N
ETC_86044001,C,N,N,N,N,N,Y,N,N,N,N,N
ETE_86199101,C,N,N,N,N,N,Y,N,N,N,N,N
ETL_86072001,B,Y,N,Y,N,Y,N,Y,Y,Y,Y,N
EURO_85893801,C,Y,Y,Y,N,Y,N,N,Y,Y,Y,N
EURO_85894201,A,Y,Y,Y,N,Y,N,N,Y,Y,Y,N
EURO_86406501,B,Y,Y,Y,N,Y,Y,N,Y,Y,Y,N
EVER_86292701,B,Y,N,Y,Y,N,Y,N,N,N,Y,N
F&D_86613001,A,Y,N,Y,N,Y,N,N,Y,Y,Y,Y
FANCY_86574401,C,Y,N,N,N,N,Y,N,N,N,N,N
FE_86629001,C,N,N,N,N,N,Y,Y,N,N,N,N
FLOYD_86254201,B,Y,Y,Y,Y,N,N,N,N,Y,N,Y
FN_86111701,A,Y,N,Y,Y,Y,N,N,Y,Y,Y,Y
FORTH_86527501,A,N,Y,Y,N,Y,N,N,Y,Y,Y,Y
FPI_86505201,B,N,N,Y,N,N,N,Y,Y,N,N,N
FPT_85773301,B,Y,N,N,N,N,N,N,Y,Y,Y,N
FSMART_86312901,A,Y,Y,Y,Y,Y,Y,N,Y,N,Y,Y
FSX_86642901,B,Y,N,Y,N,N,N,Y,Y,Y,N,N
FTE_86503001,A,N,N,Y,N,Y,N,N,Y,Y,Y,Y
FTI_86445101,C,Y,N,N,N,N,N,N,N,N,N,N
FUTUREPF_86269101,B,Y,N,Y,Y,Y,N,N,Y,Y,N,Y
FUTUREPF_86579901,B,Y,N,Y,Y,Y,N,N,Y,Y,N,Y
GABLE_86162001,B,Y,Y,Y,N,N,N,N,Y,Y,N,N
GAHREIT_85943801,C,N,N,N,N,N,Y,Y,N,N,N,N
GBX_86085201,C,N,N,N,N,Y,Y,Y,N,N,N,N
GCAP_85326001,C,N,N,N,N,N,Y,Y,N,N,Y,N
GCAP_86385601,C,N,N,N,N,N,Y,Y,N,N,Y,N
GC_85933401,B,Y,N,N,N,N,N,Y,Y,Y,N,N
GENCO_86338401,A,Y,Y,Y,Y,Y,N,N,N,Y,Y,N
GFC_86409901,A,N,N,Y,N,N,Y,N,N,N,Y,N
GFPT_86075801,A,Y,Y,Y,Y,Y,N,N,Y,Y,Y,Y
GGC_85853401,A,Y,Y,Y,Y,Y,N,N,Y,Y,Y,Y
GIFT_85954001,B,Y,N,Y,N,N,N,N,Y,Y,N,N
GIFT_85959501,B,Y,N,Y,N,N,N,N,Y,Y,N,N
GJS_86139501,B,N,Y,Y,Y,N,N,N,Y,Y,Y,Y
GLAND_85955301,C,Y,N,N,N,N,Y,N,Y,N,N,N
GLOBAL_85867901,B,Y,N,Y,N,N,N,Y,Y,Y,N,N
GLOCON_85188701,B,Y,Y,Y,Y,N,N,N,N,Y,Y,Y
GLORY_85993201,C,N,N,N,N,N,Y,N,N,N,N,N
GPI_86016601,A,Y,Y,Y,Y,N,N,N,Y,Y,Y,N
GPSC_85865001,A,Y,N,Y,Y,Y,N,N,Y,Y,Y,Y
GRAMMY_86644901,A,Y,Y,Y,Y,N,Y,Y,N,N,Y,Y
GRAND_86471801,B,N,N,Y,N,N,Y,Y,N,N,N,N
GREEN_86212801,C,N,N,N,N,N,Y,N,N,N,N,N
GSTEEL_86238401,B,Y,Y,Y,N,N,N,N,Y,Y,Y,Y
GTB_86092201,B,N,N,Y,N,N,N,N,Y,Y,N,N
GULF_85974501,A,Y,Y,Y,N,Y,N,N,Y,Y,Y,Y
GUNKUL_86592401,B,Y,N,Y,N,N,Y,Y,N,N,Y,N
GVREIT_85958201,C,N,N,N,N,N,Y,N,N,N,N,N
GYT_86267001,A,N,Y,N,Y,Y,N,N,Y,N,N,Y
HANA_86441801,B,Y,N,Y,Y,Y,N,N,Y,Y,Y,Y
HARN_86586301,B,Y,N,Y,N,N,Y,Y,N,N,N,N
HEALTH_86286701,C,N,N,N,N,N,N,Y,N,N,N,N
HENG_85972901,B,Y,N,Y,Y,Y,N,N,N,Y,Y,N
HFT_86132201,C,N,N,N,N,N,Y,Y,N,N,N,N
HL_86656601,B,Y,N,Y,N,N,N,N,Y,N,Y,N
HMPRO_86472501,C,N,Y,Y,Y,N,Y,N,Y,N,Y,N
HPF_86034801,C,N,N,N,N,N,Y,Y,N,N,N,N
HPF_86045001,C,N,N,N,N,N,Y,Y,N,N,N,N
HPT_86514101,C,N,N,N,N,N,Y,Y,N,N,Y,N
HTC_86690501,C,N,N,N,Y,N,Y,Y,N,N,Y,N
HTECH_86650701,B,Y,N,Y,N,N,N,Y,Y,Y,N,N
HUMAN_86508701,A,Y,N,Y,Y,Y,N,N,Y,Y,Y,Y
HYDROGEN_86592201,C,N,N,N,N,N,Y,N,N,N,N,N
I2_86111101,C,N,Y,Y,N,Y,Y,N,N,N,Y,Y
ICC_86414501,C,Y,N,N,N,N,Y,Y,N,N,N,N
ICHI_86152501,C,N,N,N,N,N,Y,Y,N,N,N,N
ICN_86166101,C,Y,N,Y,Y,Y,N,N,Y,Y,Y,N
IHL_86116701,B,Y,N,Y,N,N,N,N,N,Y,N,N
IIG_86397401,C,Y,N,Y,N,N,N,N,Y,N,Y,N
III_86106201,C,N,Y,Y,N,N,N,Y,Y,N,Y,N
ILINK_86483401,B,Y,N,Y,N,N,N,N,Y,Y,Y,N
ILM_86620201,A,Y,N,Y,Y,Y,N,N,Y,Y,Y,Y
IMH_86531701,B,Y,Y,N,N,Y,Y,N,Y,Y,N,Y
IMPACT_85839701,C,N,N,N,N,N,Y,N,N,N,N,N
IND_86230501,B,Y,Y,Y,Y,Y,N,N,Y,Y,Y,N
INETREIT_85953801,C,N,N,N,N,N,Y,Y,N,N,N,N
INET_86616801,C,N,Y,N,N,N,Y,N,Y,N,Y,N
INGRS_85249601,B,Y,N,N,Y,N,N,N,Y,Y,Y,N
INOX_85902101,C,N,N,N,N,N,N,N,N,N,N,N
INSET_85915401,C,N,N,Y,N,N,Y,Y,N,N,N,N
INSURE_86114601,C,N,N,Y,N,N,N,N,Y,Y,N,N
INTUCH_85826101,B,Y,Y,Y,Y,N,N,Y,N,Y,Y,Y
IRCP_86724301,C,N,N,N,N,N,Y,N,N,N,N,N
IRC_85881301,B,Y,N,N,N,N,Y,N,Y,N,N,N
IRPC_85905301,A,Y,Y,Y,N,Y,N,N,Y,Y,Y,Y
ITC_85962401,A,N,N,Y,N,N,N,N,Y,Y,Y,N
ITEL_86407801,B,Y,Y,Y,Y,N,N,N,Y,Y,Y,N
ITNS_86161401,C,N,Y,Y,N,Y,N,N,Y,Y,Y,N
ITTHI_86506601,B,Y,N,Y,N,N,N,N,Y,Y,N,N
IT_86091701,C,N,N,N,N,N,N,N,N,Y,N,N
IVL_86344501,A,Y,Y,Y,Y,Y,N,N,Y,Y,Y,Y
JAK_86495201,A,Y,Y,Y,Y,N,N,N,Y,Y,Y,N
JAS_86064501,B,Y,N,Y,N,N,N,Y,N,N,N,N
JCK_86740401,C,N,N,N,N,N,Y,Y,N,N,N,N
JDF_86227901,C,N,Y,Y,N,N,Y,Y,N,N,Y,N
JKN_85552501,A,Y,N,Y,N,Y,N,N,Y,Y,Y,Y
JMART_85891101,A,Y,Y,Y,Y,Y,N,N,Y,Y,Y,Y
JMART_85894401,A,Y,Y,Y,Y,Y,N,N,Y,Y,Y,Y
JMT_85889501,B,Y,Y,Y,Y,N,N,N,Y,Y,Y,N
JMT_85936601,B,Y,Y,Y,Y,N,N,N,Y,Y,Y,N
JPARK_86268001,A,Y,N,Y,Y,Y,N,N,Y,Y,Y,Y
JR_86266401,C,N,N,Y,N,N,Y,N,N,N,Y,N
JSP_86693901,A,N,Y,Y,Y,Y,N,N,Y,N,Y,Y
JTS_86036701,B,N,N,N,N,N,N,N,N,Y,N,N
JUBILE_86179801,B,Y,N,Y,N,N,N,N,Y,Y,N,N
J_85867501,B,Y,Y,Y,Y,Y,N,N,Y,Y,Y,N
KAMART_86617701,C,N,N,N,N,N,Y,Y,N,N,N,N
KASET_86477201,B,Y,N,N,N,N,N,N,Y,Y,N,N
KBANK_86747201,C,N,N,N,N,N,Y,Y,N,N,N,N
KBANK_86748801,A,Y,Y,Y,Y,Y,N,N,Y,Y,Y,Y
KBSPIF_86133201,A,Y,N,Y,Y,Y,Y,N,N,N,Y,Y
KBS_86393401,B,Y,N,Y,N,N,N,N,Y,Y,N,N
KCCAMC_86727001,A,Y,N,Y,Y,Y,N,N,Y,Y,Y,N
KCE_85904001,B,Y,Y,Y,Y,N,N,N,Y,Y,Y,Y
KCG_86516601,A,Y,N,Y,N,N,N,N,Y,Y,Y,N
KCM_86391701,C,N,N,N,N,N,Y,Y,N,N,N,N
KC_86634801,B,N,Y,Y,Y,Y,Y,Y,N,N,Y,Y
KDH_85994801,C,N,N,N,N,N,Y,Y,N,N,N,N
KEX_85830501,A,Y,Y,Y,Y,Y,Y,N,Y,Y,Y,Y
KGI_86152401,B,N,N,Y,N,N,N,N,Y,N,N,N
KIAT_86533901,C,N,N,N,N,N,Y,N,N,N,N,N
KISS_86481401,A,Y,Y,Y,Y,Y,N,N,Y,Y,Y,Y
KJL_86232001,C,Y,N,Y,N,Y,N,N,Y,N,Y,N
KKP_85631201,A,Y,N,Y,Y,Y,N,N,Y,Y,Y,Y
KKP_86189201,A,Y,Y,Y,Y,Y,Y,N,Y,Y,Y,Y
KK_86331501,B,Y,N,N,N,N,N,Y,Y,Y,N,N
KLINIQ_86594501,B,N,N,Y,N,N,N,Y,N,Y,Y,Y
KOOL_86684701,C,Y,N,Y,N,N,N,N,Y,N,Y,N
KPNPF_86187501,C,N,N,N,N,N,Y,Y,N,N,N,N
KSL_85356201,C,Y,N,N,N,N,N,Y,N,N,Y,N
KTBSTMR_86229301,C,N,N,N,N,N,Y,Y,N,N,N,N
KTB_85629901,A,Y,Y,Y,Y,Y,N,N,Y,Y,Y,Y
KTB_86686601,A,Y,Y,Y,Y,Y,N,N,Y,Y,Y,Y
KTC_85626101,A,Y,Y,Y,Y,Y,N,N,N,Y,Y,Y
KTC_85856701,B,Y,N,Y,Y,N,N,N,Y,Y,Y,Y
KTIS_85857701,C,N,N,N,Y,N,Y,N,N,N,N,N
KTMS_86517901,B,Y,N,Y,N,N,N,N,Y,N,Y,N
KUMWEL_86489701,B,Y,Y,Y,N,N,N,Y,Y,Y,Y,N
KUN_86141001,B,Y,N,Y,N,N,N,N,Y,Y,Y,N
KWM_86387701,B,N,N,Y,N,Y,N,Y,N,Y,N,N
KYE_85851101,B,N,N,N,N,N,Y,Y,N,N,N,N
K_86399001,C,N,N,N,N,N,Y,Y,N,N,N,N
L&E_86132601,B,Y,N,Y,N,Y,N,N,Y,N,Y,Y
LALIN_86671601,C,N,N,N,N,N,N,N,N,Y,N,N
LANNA_86541601,A,N,Y,Y,Y,Y,N,N,Y,Y,Y,Y
LDC_86161501,B,Y,N,Y,N,N,N,N,Y,Y,Y,N
LEE_86453901,C,N,N,N,N,N,Y,Y,N,N,N,N
LEO_86357301,C,N,Y,Y,Y,N,Y,Y,N,N,Y,Y
LHFG_85570501,A,Y,Y,Y,Y,Y,N,N,Y,Y,Y,Y
LHFG_86352201,A,Y,Y,Y,Y,Y,N,N,Y,Y,Y,Y
LHK_85938201,B,Y,Y,Y,Y,N,Y,N,Y,Y,Y,Y
LH_86610301,B,Y,N,Y,Y,N,N,Y,Y,Y,N,N
LH_86635801,B,Y,N,Y,Y,N,N,Y,Y,Y,N,N
LIT_86089501,B,Y,Y,N,Y,N,N,N,Y,Y,Y,Y
LOXLEY_86740901,C,N,N,N,N,N,Y,Y,N,N,N,N
LPF_85592401,A,N,N,N,Y,Y,N,N,Y,Y,Y,Y
LPH_86062601,C,Y,N,Y,N,N,N,Y,Y,Y,N,N
LPN_85961201,C,Y,Y,Y,Y,Y,N,N,Y,Y,Y,Y
LRH_86158501,C,Y,N,N,N,N,Y,N,N,Y,N,N
LST_86305001,B,Y,N,N,N,N,Y,Y,N,Y,Y,N
M-CHAI_86680901,C,N,N,N,N,N,Y,Y,N,N,N,N
M-PAT_86142301,C,N,N,N,N,N,Y,Y,N,N,N,N
M-STOR_86097301,C,N,N,N,N,N,Y,Y,N,N,N,N
MAJOR_86222101,C,N,N,N,N,N,N,N,N,N,N,N
MALEE_86275701,A,Y,N,Y,Y,Y,N,Y,Y,Y,Y,Y
MANRIN_86230001,B,Y,N,N,N,N,N,N,Y,Y,N,N
MASTER_86286501,B,N,N,Y,N,N,N,N,Y,Y,N,N
MATCH_86236701,B,Y,N,Y,N,N,N,N,Y,Y,N,N
MATI_86728601,C,N,N,N,N,N,Y,Y,N,N,N,N
MBAX_85915201,B,N,N,Y,N,N,N,N,N,Y,N,N
MBK_86767301,A,Y,Y,Y,Y,Y,Y,N,Y,Y,Y,Y
MCA_86507901,A,Y,Y,Y,Y,Y,N,N,Y,Y,Y,Y
MCOT_86046901,B,Y,Y,Y,Y,N,N,N,N,Y,Y,Y
MCS_86388201,C,N,N,N,N,N,Y,Y,N,N,Y,N
MC_85907201,A,Y,N,Y,N,Y,N,N,Y,Y,Y,N
MDX_86641801,C,N,N,N,N,N,N,N,Y,N,N,N
MEB_86567401,C,Y,N,Y,N,N,N,N,Y,Y,Y,N
MEGA_86221501,A,N,Y,Y,Y,N,N,N,Y,Y,Y,Y
MENA_86644701,B,Y,Y,Y,Y,N,N,N,Y,Y,N,N
META_86729801,A,N,N,Y,Y,Y,N,N,Y,Y,Y,Y
METCO_85855401,C,N,N,N,N,N,N,Y,N,N,N,N
MFC_86230301,A,Y,N,Y,N,N,N,N,Y,Y,Y,N
MFEC_86154601,B,Y,N,Y,N,N,N,N,Y,Y,Y,Y
MFEC_86174501,B,Y,N,Y,N,N,N,N,Y,Y,Y,Y
MGC_86494401,B,Y,Y,Y,Y,Y,N,N,Y,Y,Y,Y
MGI_85224201,A,Y,Y,Y,Y,Y,Y,N,Y,N,Y,Y
MGI_85224501,A,Y,Y,Y,Y,Y,Y,N,Y,N,Y,N
MGI_86112101,B,N,Y,Y,Y,N,N,N,Y,Y,Y,Y
MGT_86009201,C,Y,N,N,N,N,Y,Y,N,N,N,N
MICRO_86307201,B,Y,N,N,N,N,N,N,Y,Y,N,N
MINT_85842801,B,Y,Y,Y,N,N,N,Y,Y,Y,Y,Y
MIPF_86153101,C,N,N,N,N,N,Y,Y,N,N,N,N
MITSIB_86491101,B,Y,N,Y,N,N,N,N,Y,Y,Y,N
MITSIB_86551901,B,Y,N,Y,N,N,N,N,Y,Y,Y,N
MIT_86740601,C,N,N,N,N,N,Y,N,N,N,N,N
MJD_86508901,A,N,N,Y,N,N,N,N,N,Y,Y,N
MJLF_85995601,C,N,N,N,N,N,Y,Y,N,N,N,N
MK_86662701,B,Y,N,Y,N,N,Y,N,Y,N,N,N
ML_86751501,C,N,N,N,N,N,Y,Y,N,N,N,N
MNIT2_85900101,C,N,N,N,N,N,Y,Y,N,N,N,N
MNIT_86132001,C,N,N,N,N,N,Y,Y,N,N,N,N
MODERN_86451301,A,Y,N,Y,Y,Y,N,N,Y,Y,Y,Y
MONO_86289201,C,N,N,Y,N,N,N,N,N,N,Y,N
MOONG_86048501,C,N,N,N,N,N,Y,N,N,N,N,N
MORE_86582301,C,N,Y,Y,Y,Y,N,N,Y,Y,Y,N
MOSHI_86203001,A,Y,N,Y,N,Y,N,N,Y,Y,Y,Y
MST_85675401,C,N,N,N,N,N,Y,Y,Y,N,N,N
MST_86188301,C,N,N,N,N,N,Y,Y,Y,N,N,N
MTC_86107901,C,N,Y,Y,N,Y,Y,N,Y,N,Y,Y
MTI_86474501,B,Y,Y,Y,Y,N,N,Y,Y,Y,Y,N
MTW_86257501,B,Y,Y,Y,N,N,N,N,Y,Y,N,Y
MUD_86562201,A,N,Y,Y,Y,Y,Y,N,Y,N,Y,Y
M_86348401,B,N,N,Y,N,Y,N,N,N,Y,Y,N
NAM_86408301,A,N,N,Y,N,N,N,N,N,Y,N,N
NATION_86644401,A,N,N,Y,Y,N,Y,N,Y,Y,Y,N
NAT_85927201,B,Y,Y,Y,N,N,N,Y,Y,Y,Y,N
NAT_85927601,C,Y,Y,Y,N,N,N,Y,N,N,Y,N
NAT_86492901,B,Y,Y,Y,N,N,N,Y,Y,Y,Y,N
NCAP_86147301,B,Y,Y,Y,Y,N,N,N,N,Y,Y,N
NCH_86297701,B,Y,N,Y,Y,N,Y,N,Y,Y,Y,N
NCL_86521601,B,Y,N,Y,Y,Y,N,N,Y,Y,Y,N
NC_86214401,B,Y,Y,Y,Y,Y,N,N,Y,Y,Y,Y
NDR_86604301,B,Y,N,N,Y,N,N,N,N,Y,N,N
NEP_86585501,B,Y,Y,Y,Y,N,Y,N,N,Y,Y,N
NER_86465401,B,Y,N,Y,N,N,N,N,Y,Y,Y,N
NETBAY_86125801,A,N,N,Y,N,N,N,N,N,Y,Y,N
NEWS_86647801,C,Y,N,N,N,N,Y,Y,N,N,N,N
NEW_86664501,B,Y,Y,Y,Y,Y,N,Y,N,Y,Y,Y
NEX_86329901,A,Y,Y,Y,Y,N,Y,N,Y,Y,Y,N
NFC_86522701,B,Y,N,Y,N,Y,N,N,Y,Y,Y,Y
NKI_86030601,C,Y,N,N,N,N,Y,Y,N,N,N,N
NL_86020701,A,Y,N,Y,Y,N,Y,N,Y,Y,Y,N
NL_86021201,C,Y,N,Y,Y,Y,Y,N,Y,Y,Y,N
NL_86512701,B,N,N,Y,Y,N,N,N,Y,Y,N,N
NNCL_86513901,B,Y,Y,Y,Y,N,N,N,Y,Y,Y,N
NOBLE_86495001,A,Y,Y,Y,Y,Y,N,N,Y,Y,Y,Y
NOK_86393301,B,Y,Y,Y,Y,Y,N,N,Y,Y,Y,Y
NOK_86442901,B,Y,Y,Y,Y,Y,N,N,Y,Y,Y,Y
NPK_86087901,A,Y,N,Y,N,Y,N,N,Y,Y,Y,N
NSL_86670801,B,Y,Y,Y,N,Y,N,N,Y,Y,Y,N
NTSC_86596501,A,Y,Y,Y,Y,N,N,N,Y,Y,Y,Y
NTV_85847501,A,Y,N,Y,N,N,N,N,N,Y,Y,N
NVD_86492201,B,N,N,Y,N,N,Y,Y,N,N,Y,N
NV_86450501,C,Y,N,N,N,N,N,N,Y,Y,Y,N
NV_86481901,C,Y,N,N,N,N,N,N,Y,Y,Y,N
NV_86536201,C,Y,N,N,N,N,N,N,Y,Y,Y,N
NWR_86701601,B,Y,Y,Y,Y,Y,N,N,Y,Y,Y,N
NYT_86210401,C,N,N,N,N,N,Y,N,N,Y,N,N
OCC_86136001,C,N,N,N,N,N,N,N,N,N,N,N
OGC_86134601,A,Y,Y,Y,N,Y,N,N,Y,Y,Y,Y
OHTL_86260601,A,Y,N,Y,Y,N,Y,N,N,Y,Y,N
ONEE_86358901,A,Y,Y,Y,Y,Y,N,N,Y,Y,Y,Y
ORI_86753701,C,N,N,Y,N,Y,N,Y,N,N,Y,Y
ORN_86254301,B,Y,Y,Y,N,N,N,N,Y,N,N,N
OR_85914601,A,Y,Y,Y,Y,Y,N,N,Y,Y,Y,Y
OSP_86569201,B,Y,Y,Y,Y,Y,Y,Y,Y,Y,Y,N
PACO_86110001,B,N,Y,N,Y,N,N,N,Y,N,N,N
PAF_86395601,C,N,N,N,N,N,N,Y,N,N,N,N
PANEL_86121301,B,Y,N,Y,N,N,Y,N,Y,Y,Y,N
PANEL_86121701,B,Y,N,Y,N,N,Y,N,Y,Y,Y,N
PAP_86204001,C,N,N,N,N,N,Y,Y,N,N,N,N
PATO_86684001,B,N,N,Y,N,N,N,N,Y,Y,Y,N
PB_86053701,B,N,N,Y,N,Y,N,N,Y,Y,Y,N
PCC_86436801,B,Y,Y,Y,N,Y,N,N,Y,Y,Y,N
PCSGH_86296501,B,Y,N,N,N,N,N,N,Y,N,Y,N
PDG_85941901,B,Y,N,N,N,N,Y,N,N,N,N,N
PDJ_86488301,A,Y,N,Y,Y,N,N,N,Y,Y,Y,Y
PDJ_86548701,A,Y,N,Y,Y,N,N,N,Y,Y,Y,Y
PEACE_86085901,B,Y,N,Y,Y,Y,N,N,Y,Y,Y,Y
PERM_86211901,B,Y,N,Y,N,N,N,N,N,Y,Y,N
PF_86747901,B,Y,N,N,N,N,N,Y,Y,Y,N,N
PG_86336601,C,N,N,N,N,N,N,N,N,Y,N,N
PHG_86418101,C,N,Y,Y,N,N,Y,Y,N,N,N,N
PHOL_86009701,B,Y,N,Y,Y,Y,N,N,Y,Y,Y,N
PICO_85171601,B,Y,N,Y,N,N,N,N,Y,Y,N,N
PIMO_86437301,B,Y,N,Y,N,N,N,N,N,Y,Y,N
PIN_86358101,A,Y,N,Y,Y,N,Y,N,Y,Y,Y,Y
PJW_86415701,C,N,N,Y,N,N,Y,N,Y,N,N,N
PK_86406001,C,Y,N,N,N,N,N,N,Y,Y,N,N
PLANB_86487501,A,Y,Y,Y,Y,Y,N,N,Y,Y,Y,Y
PLANET_86493101,B,Y,N,N,N,N,Y,N,Y,N,Y,Y
PLAT_86250701,B,Y,N,Y,N,N,N,N,Y,Y,Y,N
PLT_86556201,B,Y,Y,Y,N,Y,N,N,Y,Y,Y,Y
PLUS_86196701,A,Y,N,Y,N,Y,N,N,Y,Y,Y,N
PMTA_86343501,B,Y,Y,Y,N,Y,N,N,Y,Y,Y,N
PM_85991901,C,N,N,N,N,N,Y,N,N,N,N,N
POLAR_86539701,A,N,N,Y,Y,Y,N,N,Y,Y,Y,N
POLY_86193101,A,Y,N,Y,Y,Y,N,N,Y,Y,Y,Y
POPF_86058301,C,N,N,N,N,N,Y,N,N,N,N,N
PORT_86208001,B,Y,N,Y,N,N,N,N,Y,N,Y,N
POST_86127901,C,N,N,Y,N,N,Y,N,N,N,N,N
PPF_86056301,C,N,N,N,N,N,N,Y,N,N,N,N
PPM_86655301,C,N,N,N,N,N,Y,N,N,N,N,N
PPPM_86637001,B,N,N,Y,Y,N,N,N,Y,Y,Y,N
PPP_86027001,C,N,N,Y,N,N,Y,N,Y,N,N,N
PPS_86469301,B,Y,N,N,N,N,N,Y,Y,Y,Y,N
PQS_86676601,A,Y,Y,Y,Y,Y,N,N,Y,Y,Y,Y
PR9_86052801,C,Y,N,Y,Y,Y,N,N,Y,Y,Y,N
PRAKIT_86540001,C,N,N,N,N,N,Y,Y,N,N,N,N
PRAPAT_86022801,B,Y,N,Y,N,N,N,N,Y,N,N,N
PREB_86273901,C,Y,N,N,N,N,N,N,N,N,N,N
PRECHA_86148501,C,N,N,N,N,N,Y,Y,N,N,N,N
PRG_86688901,C,N,N,Y,N,N,Y,N,N,N,N,N
PRIME_86534701,B,Y,N,Y,Y,Y,N,N,Y,Y,Y,Y
PRIME_86548601,B,Y,N,Y,Y,Y,N,N,Y,Y,Y,Y
PRINC_86625401,B,Y,N,Y,Y,N,Y,N,N,N,N,Y
PRIN_86259201,C,N,N,N,N,N,Y,Y,N,N,N,N
PRI_86565701,B,N,N,Y,N,N,N,N,N,N,N,N
PRM_86375601,B,Y,Y,Y,Y,Y,N,N,Y,Y,Y,Y
PROEN_86510301,B,Y,Y,Y,N,Y,N,N,Y,Y,Y,N
PROS_86355501,B,Y,N,Y,N,N,N,N,Y,N,N,N
PROUD_86377901,B,Y,N,Y,N,N,N,N,Y,N,Y,N
PRO_86759801,B,Y,N,N,Y,N,Y,N,Y,N,N,N
PRTR_86473601,B,Y,Y,Y,Y,N,N,N,Y,Y,Y,N
PSG_86516701,B,N,N,Y,N,N,Y,N,N,N,N,N
PSH_86018201,A,Y,N,Y,Y,Y,N,N,Y,Y,Y,Y
PSL_85879801,C,N,Y,Y,Y,Y,Y,N,Y,N,Y,Y
PSP_86526001,C,Y,Y,Y,N,N,N,N,Y,Y,Y,N
PSTC_86757301,B,Y,N,Y,Y,N,N,Y,N,Y,Y,N
PTC_86329801,C,Y,N,Y,Y,N,N,N,Y,Y,Y,N
PTECH_86654501,C,N,N,Y,N,N,Y,N,Y,N,N,N
PTG_86261101,A,Y,Y,Y,Y,Y,N,N,Y,Y,Y,Y
PTL_85913401,A,N,N,Y,N,N,N,N,Y,Y,Y,N
PTTEP_85740201,A,Y,Y,Y,Y,Y,N,N,Y,Y,Y,Y
PTTEP_85886601,A,Y,Y,Y,Y,Y,N,N,Y,Y,Y,Y
PTTGC_85881101,A,N,Y,Y,Y,Y,N,N,Y,Y,Y,Y
PTTGC_85915001,A,N,Y,Y,Y,Y,N,N,Y,Y,Y,Y
PTT_85980401,A,Y,Y,Y,Y,Y,N,N,Y,Y,Y,Y
PT_85957401,C,N,N,Y,N,N,Y,Y,Y,N,N,N
PYLON_86479401,C,N,N,N,N,N,Y,Y,N,N,N,N
Q-CON_85842501,A,Y,N,Y,Y,N,N,N,Y,N,Y,N
QHOP_86198101,C,N,N,N,N,N,Y,Y,Y,N,N,N
QH_86505501,C,N,N,Y,N,N,N,Y,N,N,N,N
QLT_86020301,B,N,N,Y,N,N,N,N,Y,N,N,N
QTC_85866101,A,Y,Y,Y,N,N,N,N,Y,Y,Y,Y
RABBIT_85951101,A,Y,Y,Y,Y,Y,N,N,Y,Y,Y,Y
RATCH_86478001,A,Y,Y,Y,Y,Y,N,N,Y,Y,Y,Y
RBF_86362501,A,Y,N,Y,N,Y,N,N,Y,Y,Y,N
RCL_86314001,C,N,N,N,N,N,Y,N,N,N,N,N
RCL_86533801,C,N,N,N,N,N,Y,N,N,N,N,N
READY_86177001,A,N,Y,Y,Y,N,N,N,Y,Y,Y,Y
RICHY_86733401,B,Y,N,Y,N,N,N,N,Y,N,N,N
RJH_86364701,B,Y,N,Y,N,N,N,N,N,Y,Y,N
RML_86661401,A,Y,Y,Y,Y,Y,N,N,Y,Y,Y,Y
ROCK_86466401,C,N,N,N,N,N,Y,N,N,N,N,N
ROCTEC_85889201,A,Y,Y,Y,Y,Y,N,N,Y,N,Y,Y
ROH_86252701,C,N,N,N,N,N,Y,N,N,N,N,N
RPC_86371601,C,N,N,N,N,N,Y,Y,N,N,N,N
RPH_86015701,A,Y,Y,Y,Y,Y,N,N,Y,Y,Y,Y
RP_86579501,C,Y,N,Y,Y,N,N,N,N,Y,Y,N
RSP_86449301,B,N,N,N,N,N,N,N,N,N,Y,N
RS_86747301,A,Y,Y,Y,N,N,Y,N,Y,Y,Y,Y
RT_86517501,A,N,N,Y,Y,Y,N,N,Y,Y,Y,N
RWI_86367701,B,N,N,Y,N,N,Y,N,N,Y,N,N
S&J_86686801,C,Y,N,Y,N,Y,N,N,Y,N,Y,N
S11_86633701,C,N,N,N,N,N,Y,N,Y,N,N,N
SAAM_86738501,B,Y,N,Y,N,N,N,N,Y,Y,Y,N
SAFARI_85149901,B,Y,Y,Y,N,Y,N,N,Y,Y,Y,N
SAFARI_86749501,B,Y,Y,Y,N,Y,N,Y,Y,Y,Y,N
SAFE_86272901,A,Y,Y,Y,Y,Y,N,N,Y,Y,Y,Y
SAF_86264101,A,Y,Y,Y,N,Y,N,N,Y,Y,Y,Y
SAK_85947701,C,N,N,Y,N,N,N,Y,N,N,N,N
SALEE_86451401,B,N,N,Y,N,N,N,N,N,Y,N,N
SAMART_86258401,A,Y,N,Y,N,N,N,N,Y,N,Y,N
SAMCO_86108801,C,Y,N,N,N,N,N,N,Y,Y,N,N
SAMTEL_86235501,B,Y,N,Y,N,N,N,N,Y,Y,Y,N
SAM_86455401,A,Y,N,Y,N,N,N,N,Y,Y,Y,N
SANKO_86174401,C,N,N,N,N,N,Y,Y,N,N,N,N
SAPPE_86385701,B,Y,Y,Y,Y,N,Y,N,Y,N,N,N
SAT_86133701,A,N,Y,Y,N,N,N,N,Y,Y,Y,N
SAUCE_86308201,B,Y,N,Y,Y,Y,N,N,Y,Y,Y,Y
SAV_86159401,B,Y,N,Y,N,Y,N,N,Y,Y,Y,N
SAWAD_86650101,C,N,N,N,N,N,Y,N,N,N,N,N
SAWANG_86719301,C,N,N,N,N,N,N,N,N,Y,N,N
SA_86546301,C,N,N,Y,N,N,Y,N,N,N,Y,N
SCAP_86648701,A,N,N,Y,N,Y,N,N,Y,Y,N,N
SCB_85619401,A,Y,Y,Y,Y,Y,N,Y,Y,Y,Y,Y
SCB_86101201,A,Y,Y,Y,Y,Y,N,N,Y,Y,Y,Y
SCCC_85864101,A,Y,Y,Y,Y,Y,N,N,Y,N,Y,N
SCC_85666801,A,Y,N,Y,Y,Y,N,N,Y,Y,Y,N
SCC_86190301,A,Y,N,Y,Y,Y,N,N,Y,Y,Y,N
SCGD_85295501,C,N,N,N,N,N,Y,N,N,N,N,N
SCGD_85296401,B,Y,N,N,Y,N,N,N,Y,Y,N,N
SCGD_85646601,A,Y,Y,Y,Y,Y,N,N,Y,Y,Y,Y
SCGD_85944801,A,Y,Y,Y,Y,N,N,N,Y,N,Y,Y
SCGP_85649501,B,Y,Y,Y,Y,Y,N,N,Y,Y,Y,Y
SCGP_85910101,B,Y,Y,Y,Y,Y,N,N,Y,Y,Y,Y
SCG_86129101,C,Y,Y,Y,N,Y,N,N,Y,Y,Y,N
SCI_86389601,C,N,N,Y,N,N,N,N,Y,N,N,N
SCL_86650201,B,N,Y,Y,N,N,Y,N,N,N,N,N
SCM_86253101,B,Y,N,Y,N,N,N,N,Y,N,Y,N
SCN_86060301,A,Y,Y,Y,Y,Y,N,N,Y,Y,Y,Y
SCP_86715101,C,Y,N,N,N,Y,N,N,Y,Y,Y,N
SC_86506901,C,N,N,N,N,N,Y,N,N,N,N,N
SDC_86199701,B,Y,N,Y,N,Y,N,N,Y,Y,Y,N
SE-ED_86266801,A,Y,N,Y,Y,Y,N,N,Y,Y,Y,Y
SEAFCO_86183001,C,N,N,N,N,N,Y,Y,N,N,N,N
SEAOIL_86179201,B,Y,Y,N,N,N,N,Y,Y,Y,N,N
SECURE_86742101,B,Y,N,Y,N,Y,N,N,Y,Y,N,N
SELIC_86623301,A,N,Y,Y,N,N,N,N,Y,Y,Y,Y
SENA_86502401,B,Y,Y,Y,N,Y,N,Y,Y,Y,N,N
SENX_86374501,C,N,N,N,N,N,N,N,N,N,N,N
SE_86621601,B,N,N,Y,N,N,N,N,Y,Y,Y,N
SFLEX_86419401,C,Y,N,N,N,N,N,N,N,N,N,N
SFT_86035501,A,Y,N,Y,Y,Y,Y,N,Y,Y,Y,Y
SGC_85887101,B,Y,Y,Y,N,N,N,N,N,Y,Y,N
SGF_86569401,A,Y,Y,Y,Y,N,Y,N,Y,Y,Y,Y
SGP_86099301,C,Y,N,N,N,N,N,Y,N,Y,N,N
SHANG_86052901,C,N,N,Y,N,N,Y,Y,N,N,N,N
SHR_86172301,B,Y,Y,Y,N,N,N,N,Y,Y,Y,Y
SICT_86265201,B,Y,N,Y,N,N,N,N,Y,Y,Y,N
SIMAT_86709401,B,Y,N,Y,N,N,Y,Y,N,N,N,N
SINGER_85887701,B,N,Y,Y,N,N,N,N,Y,Y,Y,N
SINGER_85892901,B,N,Y,Y,N,N,N,N,Y,Y,Y,N
SINO_86379901,B,Y,N,Y,N,N,Y,N,Y,N,Y,N
SIRIP_86063101,C,N,N,N,N,N,Y,N,N,N,N,Y
SIRI_86519601,B,Y,N,Y,N,N,N,N,Y,Y,Y,N
SISB_86356201,A,Y,N,Y,N,Y,N,N,Y,Y,Y,N
SIS_86011301,C,N,N,N,N,N,Y,N,N,N,N,N
SITHAI_86246401,B,Y,N,Y,N,N,N,N,Y,Y,Y,N
SKE_86741401,A,N,N,Y,Y,Y,N,N,Y,Y,Y,Y
SKN_86467901,B,N,N,Y,N,N,Y,N,N,N,N,N
SKR_86171301,A,N,Y,Y,Y,Y,N,N,Y,Y,Y,Y
SKY_86663701,A,Y,N,Y,Y,N,N,N,N,N,N,N
SK_86597201,B,Y,N,Y,Y,Y,N,N,Y,Y,Y,N
SLM_86568001,C,Y,N,N,N,N,Y,N,N,N,N,N
SLP_86486501,C,N,N,N,N,N,Y,N,N,N,N,N
SMART_85966401,C,N,N,N,N,N,N,Y,N,N,N,N
SMD_86733901,A,Y,Y,Y,Y,Y,N,N,N,Y,Y,Y
SMIT_86295201,C,N,N,N,N,N,Y,N,Y,N,N,N
SMPC_85952501,A,Y,N,Y,Y,Y,N,N,Y,Y,Y,Y
SMT_86288001,B,Y,N,N,N,N,N,N,N,Y,Y,N
SM_86566801,B,Y,N,N,N,N,N,N,Y,Y,N,N
SNC_85996101,C,Y,N,N,N,N,N,N,N,Y,N,N
SNNP_86077701,A,Y,Y,Y,Y,Y,N,N,Y,Y,Y,N
SNP_86087301,A,N,Y,Y,N,Y,N,N,Y,Y,Y,Y
SONIC_86280501,A,Y,N,Y,N,Y,N,N,Y,Y,Y,N
SORKON_86498301,A,Y,N,Y,Y,Y,N,N,Y,Y,Y,Y
SO_86262701,B,N,Y,Y,Y,Y,N,N,Y,Y,Y,N
SPACK_86487101,C,N,N,N,N,N,Y,Y,N,N,N,N
SPALI_86099201,B,Y,N,N,N,N,N,Y,Y,Y,N,N
SPA_86384601,B,Y,N,Y,N,Y,N,N,Y,Y,Y,N
SPCG_86373401,A,Y,N,Y,Y,Y,N,N,Y,Y,Y,Y
SPC_86763701,C,Y,N,N,N,N,Y,Y,N,N,N,N
SPI_86714301,C,Y,N,N,N,N,N,Y,N,N,N,N
SPRC_86073501,A,Y,Y,Y,Y,Y,N,N,Y,Y,Y,Y
SPRIME_86032301,C,N,N,N,N,N,N,Y,N,N,N,N
SPRIME_86078801,C,N,N,N,N,N,N,Y,N,N,N,N
SPVI_85981901,B,Y,N,Y,N,Y,N,N,Y,N,Y,N
SQ_86732401,A,Y,N,Y,N,Y,N,N,Y,Y,Y,Y
SRICHA_86393901,C,N,N,N,N,N,Y,N,N,N,N,N
SRIPANWA_86587601,C,N,N,N,N,N,N,Y,N,N,N,N
SRS_86491801,B,N,Y,Y,N,Y,N,N,Y,N,Y,N
SR_86283701,B,N,N,Y,N,Y,N,N,Y,N,Y,N
SSC_85914501,C,N,N,Y,N,N,N,N,N,Y,N,N
SSF_86090101,C,N,N,N,N,N,Y,Y,N,N,N,N
SSPF_85857101,C,N,N,Y,N,N,Y,N,N,N,N,N
SSP_86647601,A,Y,N,Y,Y,Y,N,N,Y,Y,Y,Y
SSSC_86427201,C,N,N,N,N,N,Y,Y,N,N,N,N
SSTRT_86636301,C,N,N,N,N,N,Y,Y,N,N,N,N
SST_86602801,B,N,N,Y,N,N,N,N,N,N,Y,N
STA_86013501,A,Y,Y,Y,Y,Y,Y,N,Y,Y,Y,Y
STC_85954501,C,N,N,N,N,N,Y,Y,N,N,N,N
STECH_86467001,B,Y,Y,Y,N,N,N,N,Y,Y,Y,N
STEC_86729701,C,N,N,N,N,N,Y,N,N,N,N,N
STGT_86013001,A,Y,Y,Y,Y,Y,N,Y,N,Y,Y,Y
STHAI_86490701,C,N,N,N,N,N,N,N,N,Y,N,N
STHAI_86491701,A,N,N,Y,N,N,N,N,N,Y,Y,N
STI_85881901,B,Y,N,Y,N,N,N,N,Y,N,Y,N
STOWER_86641101,C,Y,N,N,N,N,N,N,Y,Y,N,N
STP_86462801,A,Y,N,Y,Y,N,N,N,Y,Y,Y,N
SUC_86596301,C,Y,N,N,N,N,N,N,N,N,N,N
SUN_86254101,A,Y,N,Y,N,N,N,N,Y,Y,Y,N
SUPEREIF_86192501,A,Y,N,Y,Y,N,N,N,Y,Y,Y,N
SUPER_86659601,B,Y,Y,Y,N,Y,N,N,Y,Y,Y,N
SUSCO_86340901,C,N,N,Y,N,Y,Y,N,N,N,Y,N
SUTHA_86406201,A,Y,N,Y,Y,Y,Y,N,N,Y,Y,Y
SVI_85813401,A,Y,N,Y,Y,N,N,Y,N,Y,Y,Y
SVOA_86560501,A,Y,Y,Y,Y,Y,N,N,Y,Y,Y,Y
SVR_86557201,B,Y,N,Y,N,N,N,N,Y,Y,Y,N
SVT_86403601,B,N,N,Y,N,N,N,N,Y,Y,Y,Y
SWC_86109901,B,N,N,N,N,N,N,N,Y,Y,N,N
SYMC_86512901,A,Y,N,Y,Y,Y,Y,N,Y,Y,Y,Y
SYNEX_86284301,B,Y,N,Y,Y,N,N,Y,Y,Y,Y,N
SYNTEC_86365401,C,Y,N,N,N,N,Y,N,N,N,N,N
SYNTEC_86366401,C,Y,N,N,N,N,Y,N,N,N,N,N
S_86433001,A,Y,Y,Y,Y,N,N,N,Y,Y,Y,Y
TACC_86699901,B,Y,Y,Y,Y,N,Y,N,Y,N,Y,Y
TAE_86086601,C,N,Y,Y,N,N,N,N,Y,Y,Y,N
TAN_86326601,C,Y,Y,Y,N,N,N,Y,Y,N,Y,N
TBN_86603701,A,Y,Y,Y,N,Y,N,N,Y,Y,Y,N
TCAP_86172701,A,Y,Y,Y,Y,Y,N,N,Y,Y,Y,N
TCJ_86615001,C,Y,N,N,N,N,Y,Y,N,N,N,N
TCOAT_86544601,C,N,N,N,N,N,Y,Y,N,N,N,N
TC_86468001,B,Y,N,Y,N,Y,N,N,Y,Y,Y,N
TEAMG_86396601,C,Y,Y,Y,N,Y,N,N,Y,Y,Y,N
TEGH_86551401,B,Y,Y,Y,Y,Y,N,N,Y,Y,Y,N
TEKA_86163801,B,Y,N,Y,N,N,N,N,Y,Y,N,N
TFG_86161601,B,Y,N,N,N,N,N,Y,Y,Y,N,N
TFI_86211501,C,N,N,N,N,N,Y,N,N,N,N,N
TFMAMA_86146201,B,Y,Y,Y,Y,Y,N,N,Y,Y,Y,N
TFM_85995101,A,Y,Y,Y,Y,Y,N,N,N,N,Y,Y
TGE_86018501,B,Y,Y,Y,N,N,N,N,Y,Y,Y,Y
TGH_86433701,B,Y,N,Y,N,N,N,N,Y,Y,N,N
TGPRO_86609201,C,Y,N,Y,N,Y,N,N,Y,Y,Y,N
THAI_86287501,A,Y,Y,Y,Y,Y,N,N,Y,Y,N,Y
THANA_86279101,A,Y,N,Y,N,N,Y,N,Y,Y,Y,N
THANI_85987301,B,Y,N,Y,N,N,N,Y,Y,Y,N,N
THCOM_85845101,A,Y,Y,Y,Y,Y,Y,N,Y,N,Y,Y
THE_86530401,C,N,N,N,Y,N,Y,N,N,N,N,N
THG_86285701,A,Y,Y,Y,Y,Y,N,N,N,Y,Y,Y
THIP_85970301,B,Y,N,N,N,N,N,N,N,N,Y,N
THMUI_86206301,C,N,N,N,N,N,Y,Y,N,N,N,N
THREL_86056601,B,Y,N,Y,Y,N,N,N,Y,Y,N,N
THRE_86449601,B,Y,N,Y,N,N,N,N,Y,Y,N,N
TIDLOR_86543701,A,Y,Y,Y,Y,Y,N,N,Y,Y,Y,Y
TIGER_86076401,B,Y,N,Y,Y,N,N,N,Y,Y,N,N
TIPCO_86055801,B,Y,N,Y,Y,Y,N,N,Y,Y,Y,N
TIPH_86477601,C,N,N,N,N,N,Y,Y,N,N,N,N
TISCO_85556301,A,Y,Y,Y,Y,Y,N,N,Y,Y,Y,Y
TISCO_86568701,A,Y,Y,Y,Y,Y,N,N,Y,Y,Y,Y
TITLE_86177401,B,N,Y,Y,N,N,N,N,Y,Y,Y,N
TKC_86395901,B,N,Y,Y,Y,Y,N,N,Y,Y,Y,N
TKN_86289101,A,Y,Y,Y,Y,Y,N,N,Y,Y,Y,Y
TKS_86224101,A,N,Y,Y,Y,Y,N,N,Y,Y,Y,Y
TKT_86728901,C,N,N,N,N,N,Y,Y,N,N,N,N
TK_86734001,B,Y,N,N,N,N,N,Y,Y,Y,N,N
TLHPF_86249201,C,N,N,N,N,N,N,Y,N,N,N,N
TLI_86583301,B,Y,N,Y,Y,Y,N,Y,Y,Y,N,Y
TMC_86286601,C,N,N,N,N,N,Y,Y,N,N,N,N
TMD_86310201,B,Y,N,N,N,N,N,Y,Y,Y,N,N
TMILL_86762101,B,Y,N,N,Y,N,N,Y,N,Y,N,N
TMI_86137401,C,N,N,N,N,N,Y,N,N,N,N,N
TMT_86164401,C,Y,N,N,N,N,N,N,Y,Y,N,N
TMW_85934101,B,Y,Y,Y,Y,Y,N,N,Y,Y,Y,N
TM_86018801,C,Y,Y,Y,N,N,Y,Y,N,N,Y,N
TNDT_86436101,B,Y,N,N,N,N,N,Y,Y,Y,Y,N
TNH_85258001,C,N,N,Y,N,N,Y,Y,N,N,N,N
TNITY_86721801,A,Y,Y,Y,Y,Y,Y,N,Y,N,Y,Y
TNL_86396501,A,Y,Y,N,Y,Y,N,N,Y,Y,Y,Y
TNPF_86447701,C,N,N,N,N,N,Y,Y,N,N,Y,N
TNP_86030001,A,N,Y,Y,N,Y,N,N,N,Y,N,Y
TNR_86486101,B,N,N,Y,Y,N,N,N,Y,Y,Y,N
TOA_86602301,A,Y,Y,Y,Y,Y,N,N,Y,Y,Y,Y
TOG_85936801,C,N,N,Y,Y,N,Y,Y,Y,N,Y,N
TOPP_86545701,B,Y,N,N,N,N,N,Y,Y,Y,N,N
TOP_85941501,A,Y,Y,Y,Y,Y,N,N,Y,Y,Y,Y
TPAC_86382201,B,Y,Y,Y,Y,N,N,N,Y,Y,Y,Y
TPA_86264201,C,N,N,N,N,N,N,N,N,N,N,N
TPBI_86104801,C,Y,N,N,N,N,Y,Y,N,N,N,N
TPBI_86115701,C,Y,N,N,N,N,Y,Y,N,N,N,N
TPCH_86073001,B,Y,N,N,N,N,N,N,Y,Y,N,N
TPCS_86572601,C,N,N,N,N,N,N,N,Y,Y,N,Y
TPIPL_86411601,C,N,N,Y,Y,N,Y,Y,N,N,Y,N
TPIPP_86052301,C,N,Y,Y,N,N,Y,N,N,N,Y,N
TPLAS_86094501,B,Y,N,N,N,N,N,N,Y,Y,N,N
TPL_86464501,B,Y,N,Y,Y,Y,N,N,Y,Y,Y,N
TPOLY_86299001,C,Y,N,N,Y,N,N,N,Y,N,N,N
TPP_86726501,C,N,N,N,N,N,Y,Y,N,N,N,N
TPRIME_86427901,C,N,N,N,N,N,Y,Y,N,N,N,N
TPS_86276701,B,Y,Y,Y,N,N,N,N,Y,N,Y,N
TQM_86498801,A,N,N,Y,Y,Y,Y,N,Y,Y,Y,Y
TQR_86141101,B,Y,Y,Y,N,Y,N,N,Y,Y,Y,N
TRC_86682901,A,Y,Y,Y,Y,Y,N,N,Y,Y,Y,Y
TRP_86301901,B,Y,N,Y,N,N,N,N,Y,N,N,N
TRT_86647701,C,N,N,N,N,N,Y,N,N,N,N,N
TRUBB_86242301,C,N,N,N,N,N,Y,N,N,N,N,N
TRUE_86270401,A,Y,Y,Y,Y,Y,N,N,Y,Y,Y,Y
TRU_86578901,A,Y,N,Y,N,N,N,N,Y,Y,Y,N
TRV_86346601,A,N,N,Y,Y,Y,N,N,N,Y,Y,N
TR_85930501,B,Y,N,Y,N,N,N,N,Y,N,N,N
TSC_85809801,A,N,N,Y,Y,N,N,N,Y,Y,Y,Y
TSE_86759701,B,Y,Y,Y,Y,N,N,N,Y,Y,Y,Y
TSI_86526501,A,Y,N,Y,N,N,Y,N,N,N,Y,N
TSTE_86693601,C,Y,N,N,N,N,Y,Y,N,N,N,N
TSTH_85569501,C,N,N,N,N,N,N,N,N,N,Y,N
TTA_86719801,C,N,Y,Y,Y,Y,Y,Y,N,N,Y,N
TTCL_86744101,A,Y,Y,Y,N,Y,N,N,Y,Y,Y,Y
TTI_86543301,C,N,N,N,N,N,Y,N,N,N,N,N
TTLPF_86133301,A,Y,Y,Y,Y,N,N,N,Y,Y,Y,Y
TTT_85929101,C,Y,N,N,N,N,Y,Y,N,N,N,N
TTW_86208701,C,Y,N,N,N,N,N,Y,Y,N,N,N
TU-PF_86195901,C,N,N,N,N,N,Y,Y,N,N,N,N
TURTLE_85858101,A,N,Y,Y,Y,Y,N,N,Y,Y,Y,Y
TU_86029401,C,Y,Y,Y,N,Y,N,N,Y,Y,Y,N
TVDH_86604901,C,Y,N,Y,N,N,Y,N,Y,Y,Y,N
TVH_86515401,C,N,Y,Y,N,N,Y,N,Y,N,Y,N
TVO_86617901,C,N,Y,Y,N,N,Y,Y,Y,N,N,N
TVT_86278301,A,N,N,Y,N,N,N,N,N,Y,Y,N
TWPC_86141501,A,Y,Y,Y,Y,Y,N,N,Y,Y,Y,N
TWP_86588001,C,N,N,Y,N,N,Y,Y,N,N,N,N
TWZ_86529201,B,Y,N,Y,N,N,N,N,Y,N,N,N
TYCN_86459301,B,Y,N,N,N,N,N,Y,Y,Y,N,N
UAC_86222901,B,Y,Y,Y,Y,N,N,N,Y,Y,Y,Y
UBA_86457701,C,N,N,Y,Y,N,Y,N,N,N,N,N
UBE_86103701,A,Y,N,Y,Y,Y,N,N,Y,Y,Y,Y
UBIS_86469701,B,Y,N,N,N,N,Y,N,Y,N,N,N
UEC_86365701,C,N,N,N,N,N,Y,Y,N,N,N,N
UKEM_86117301,A,Y,Y,Y,Y,Y,N,N,Y,Y,Y,Y
UKEM_86122701,A,Y,Y,Y,Y,Y,N,N,Y,Y,Y,Y
UMI_86470301,C,Y,N,N,N,N,N,N,N,Y,N,N
UMS_86575401,B,Y,N,Y,N,N,N,N,Y,N,Y,N
UNIQ_86752101,C,N,N,N,N,N,Y,Y,N,N,N,N
UOBKH_86343901,C,Y,N,N,N,N,N,Y,N,N,N,N
UPF_86326701,B,Y,Y,Y,N,N,N,N,N,Y,Y,N
UPOIC_86222001,B,Y,N,N,N,N,N,N,Y,N,Y,N
UP_86576701,C,Y,N,N,N,N,Y,Y,N,N,N,N
URBNPF_86681501,C,N,N,N,N,N,Y,Y,N,N,N,N
UREKA_86654101,A,Y,Y,Y,N,Y,N,N,N,Y,Y,N
UTP_86443001,C,N,N,N,Y,N,Y,Y,N,N,N,N
UVAN_86311201,B,Y,N,N,N,N,N,Y,Y,Y,N,N
UV_85906001,C,N,N,Y,Y,N,Y,Y,N,N,N,N
VARO_86580001,C,N,N,N,N,N,Y,Y,N,N,N,N
VCOM_86509201,B,Y,N,Y,N,N,N,N,N,Y,N,N
VGI_85921401,A,Y,Y,Y,Y,Y,N,N,Y,Y,Y,Y
VIBHA_86701801,C,N,N,N,N,N,N,Y,Y,N,N,N
VIH_86044501,B,N,N,Y,N,N,Y,N,N,Y,N,N
VL_86448601,B,N,Y,Y,N,N,N,N,Y,Y,Y,N
VNG_86389001,A,Y,N,Y,N,N,Y,N,N,Y,Y,N
VPO_86096101,C,N,N,Y,N,N,Y,Y,N,N,N,N
VRANDA_86333601,B,Y,Y,Y,N,Y,N,N,Y,Y,Y,N
WACOAL_86386901,C,N,N,N,N,N,Y,Y,N,N,N,N
WARRIX_86670701,A,Y,Y,Y,Y,Y,N,N,N,Y,Y,Y
WAVE_86662201,B,Y,N,Y,N,N,Y,N,N,Y,N,N
WELL_86381901,C,N,N,Y,N,N,N,N,N,N,N,N
WFX_86167501,C,Y,N,Y,N,Y,N,N,Y,Y,Y,N
WGE_85988701,B,Y,N,N,N,N,N,N,N,N,N,N
WHAIR_86160701,C,N,N,N,N,N,Y,Y,N,N,N,N
WHAUP_86371201,A,Y,Y,Y,N,Y,N,N,Y,Y,Y,Y
WHA_86332901,A,Y,Y,Y,Y,Y,N,N,Y,Y,Y,Y
WICE_86076501,A,N,Y,Y,Y,Y,N,N,Y,Y,Y,Y
WIIK_86362001,C,Y,N,N,N,N,N,Y,Y,N,N,N
WINDOW_86591201,C,N,N,N,N,N,Y,Y,N,N,N,Y
WINMED_86390401,A,Y,N,Y,N,N,N,Y,N,N,N,Y
WINNER_86521301,B,Y,Y,Y,Y,N,Y,N,Y,Y,Y,Y
WIN_86758401,C,N,N,N,N,N,N,N,Y,N,N,N
WORK_86170201,B,N,Y,Y,N,N,N,N,Y,N,Y,N
WORLD_86660901,B,Y,N,Y,N,N,N,N,Y,N,N,N
WPH_86396701,C,N,N,N,Y,N,Y,N,N,N,N,N
WP_86204401,B,Y,Y,Y,Y,N,N,N,Y,N,N,N
W_85983401,C,N,N,N,N,N,Y,Y,Y,N,Y,N
XO_86114101,C,N,N,N,N,N,Y,Y,N,N,N,N
XPG_86355001,C,N,N,N,N,N,Y,Y,N,N,N,N
YGG_86600601,B,Y,N,Y,N,N,N,N,Y,Y,Y,N
YONG_86139201,B,N,Y,Y,N,N,Y,Y,N,Y,N,N
YUASA_85904601,B,Y,Y,Y,Y,Y,N,N,Y,Y,Y,N
ZAA_86112301,C,N,N,Y,N,N,N,Y,N,N,N,N
ZEN_86331301,A,Y,Y,Y,Y,Y,N,Y,Y,Y,Y,Y
ZIGA_85816501,B,Y,Y,Y,N,N,N,N,N,N,Y,Y
